video_filename,question_id,prompt_en,target_sentence_it,tokens_correct_order,choices_pool,distractors
Italian_video_1.txt,01-01,Translate to Italian: We cook the asparagus with oil and salt.,Cuciniamo gli asparagi con olio e sale,Cuciniamo|gli|asparagi|con|olio|e|sale,con|mangiamo|mangiata|gli|sale|olio|i|mangiando|asparagi|Cuciniamo|e,i|mangiando|mangiata|mangiamo
Italian_video_1.txt,01-02,Translate to Italian: We prepare dinner together with Mom.,Prepariamo la cena insieme a mamma,Prepariamo|la|cena|insieme|a|mamma,mangiando|a|mamma|insieme|cena|le|Prepariamo|mangiata|la|mangiamo,mangiamo|le|mangiando|mangiata
Italian_video_1.txt,01-03,Translate to Italian: I put the eggs to boil for dinner.,Metto le uova a bollire per la cena,Metto|le|uova|a|bollire|per|la|cena,per|mangiata|bollire|a|cena|Metto|la|mangiando|uova|le,la|le|mangiando|mangiata
Italian_video_1.txt,01-04,Translate to Italian: Asparagus are in season now.,Gli asparagi sono di stagione adesso,Gli|asparagi|sono|di|stagione|adesso,mangiata|asparagi|mangiando|di|adesso|sono|mangiamo|Gli|mangia|stagione,mangiamo|mangia|mangiando|mangiata
Italian_video_1.txt,01-05,Translate to Italian: Anchovies are rich in omega three.,Le alici sono ricche di omega tre,Le|alici|sono|ricche|di|omega|tre,mangiata|alici|sono|ricche|mangiamo|di|omega|mangiando|mangia|tre|Le,mangiamo|mangia|mangiando|mangiata
Italian_video_1.txt,01-06,Translate to Italian: In the fridge we also find the olives.,Nel frigo troviamo anche le olive,Nel|frigo|troviamo|anche|le|olive,anche|troviamo|le|mangiando|frigo|mangiamo|la|Nel|mangiata|olive,la|mangiando|mangiata|mangiamo
Italian_video_1.txt,01-07,Translate to Italian: We dress the asparagus with oil and salt.,Condiamo gli asparagi con olio e sale,Condiamo|gli|asparagi|con|olio|e|sale,i|gli|mangiamo|olio|con|mangiando|Condiamo|sale|mangiata|e|asparagi,i|mangiando|mangiata|mangiamo
Italian_video_1.txt,01-08,Translate to Italian: We use the basket for steaming.,Usiamo il cestino per la cottura a vapore,Usiamo|il|cestino|per|la|cottura|a|vapore,la|a|vapore|mangiando|lo|cestino|mangiata|cottura|il|le|per|Usiamo,lo|le|mangiando|mangiata
Italian_video_1.txt,01-09,Translate to Italian: I add a touch of mayonnaise on the eggs.,Aggiungo un filo di maionese sulle uova,Aggiungo|un|filo|di|maionese|sulle|uova,Aggiungo|sulle|filo|uova|un|uno|mangiando|di|mangiamo|maionese|mangiata,mangiamo|uno|mangiando|mangiata
Italian_video_1.txt,01-10,Translate to Italian: We put the anchovy fillet on top.,Mettiamo il filetto di alice sopra,Mettiamo|il|filetto|di|alice|sopra,filetto|alice|mangiata|sopra|di|il|mangiando|Mettiamo|lo|mangiamo,mangiamo|lo|mangiando|mangiata
Italian_video_2.txt,02-01,Translate to Italian: The potholes in the streets make people laugh and get angry.,Le buche nelle strade fanno ridere e arrabbiare,Le|buche|nelle|strade|fanno|ridere|e|arrabbiare,ridere|mangia|nelle|arrabbiare|strade|fanno|mangiamo|Le|e|mangiando|buche|mangiata,mangiamo|mangia|mangiando|mangiata
Italian_video_2.txt,02-02,Translate to Italian: From the Janiculum you can see Saint Peter's dome.,Dal Gianicolo si vede la cupola di San Pietro,Dal|Gianicolo|si|vede|la|cupola|di|San|Pietro,mangiamo|le|di|Gianicolo|Pietro|si|vede|mangiando|mangiata|San|la|cupola|Dal,mangiamo|le|mangiando|mangiata
Italian_video_2.txt,02-03,Translate to Italian: Rome is a complex and beautiful city.,Roma è una città complessa e bellissima,Roma|è|una|città|complessa|e|bellissima,complessa|è|un|mangiata|bellissima|Roma|mangiando|città|e|una|mangiamo,mangiata|mangiando|un|mangiamo
Italian_video_2.txt,02-04,Translate to Italian: North Rome is wealthier than south Rome.,Roma nord è più benestante di Roma sud,Roma|nord|è|più|benestante|di|Roma|sud,mangiamo|più|sud|Roma|mangiata|mangia|nord|di|Roma|benestante|mangiando|è,mangiamo|mangia|mangiando|mangiata
Italian_video_2.txt,02-05,Translate to Italian: In Eur there is a very tall skyscraper.,All'Eur c'è un grattacielo molto alto,All'Eur|c'è|un|grattacielo|molto|alto,molto|uno|un|grattacielo|c'è|alto|All'Eur|mangiando|mangiamo|mangiata,mangiamo|uno|mangiando|mangiata
Italian_video_2.txt,02-06,Translate to Italian: Rome has few skyscrapers in the historic center.,Roma ha poche grattacieli nel centro storico,Roma|ha|poche|grattacieli|nel|centro|storico,mangia|mangiata|storico|poche|ha|Roma|grattacieli|nel|mangiando|mangiamo|centro,mangiamo|mangia|mangiando|mangiata
Italian_video_2.txt,02-07,Translate to Italian: In the suburbs you find bars and families at the park.,In periferia trovi bar e famiglie al parco,In|periferia|trovi|bar|e|famiglie|al|parco,parco|bar|al|In|trovi|e|mangia|mangiata|mangiando|periferia|mangiamo|famiglie,mangiamo|mangia|mangiando|mangiata
Italian_video_2.txt,02-08,Translate to Italian: Parioli is a neighborhood in north Rome.,I Parioli sono un quartiere di Roma nord,I|Parioli|sono|un|quartiere|di|Roma|nord,mangiata|sono|mangiando|mangiamo|Parioli|nord|uno|I|Roma|quartiere|di|un,mangiamo|uno|mangiando|mangiata
Italian_video_2.txt,02-09,Translate to Italian: Citizens and tourists live different realities.,I cittadini e i turisti vivono realtà diverse,I|cittadini|e|i|turisti|vivono|realtà|diverse,gli|realtà|diverse|mangiata|mangiamo|e|I|vivono|cittadini|i|mangiando|turisti,mangiata|mangiando|gli|mangiamo
Italian_video_2.txt,02-10,Translate to Italian: Many Romans live outside the center.,Molti romani vivono fuori dal centro,Molti|romani|vivono|fuori|dal|centro,centro|dal|romani|fuori|vivono|Molti|mangiando|mangiamo|mangiata|mangia,mangiamo|mangia|mangiando|mangiata
Italian_video_3.txt,03-01,Translate to Italian: We go to see the Maradona mural.,Andiamo a vedere il murale di Maradona,Andiamo|a|vedere|il|murale|di|Maradona,lo|Andiamo|murale|il|a|mangiando|vedere|Maradona|mangiata|mangiamo|di,mangiamo|lo|mangiando|mangiata
Italian_video_3.txt,03-02,Translate to Italian: The Royal Palace of Naples is splendid.,Il Palazzo Reale di Napoli è splendido,Il|Palazzo|Reale|di|Napoli|è|splendido,mangia|mangiamo|è|Palazzo|mangiata|Napoli|di|mangiando|Il|splendido|Reale,mangiamo|mangia|mangiando|mangiata
Italian_video_3.txt,03-03,Translate to Italian: We visit Piazza del Plebiscito together.,Visitiamo Piazza del Plebiscito insieme,Visitiamo|Piazza|del|Plebiscito|insieme,Plebiscito|Plebiscita|mangiata|insieme|Plebiscendo|Visitiamo|del|Piazza|mangiando,mangiando|Plebiscendo|Plebiscita|mangiata
Italian_video_3.txt,03-04,Translate to Italian: The Toledo metro station is very beautiful.,La metro Toledo è molto bella,La|metro|Toledo|è|molto|bella,bella|metro|mangiando|Toledo|mangia|è|mangiata|molto|mangiamo|La,mangiamo|mangia|mangiando|mangiata
Italian_video_3.txt,03-05,Translate to Italian: In the Spanish Quarters there are shops and trattorias.,Nei quartieri spagnoli ci sono botteghe e trattorie,Nei|quartieri|spagnoli|ci|sono|botteghe|e|trattorie,e|Nei|quartieri|spagnoli|mangiata|mangiando|mangiamo|ci|botteghe|mangia|trattorie|sono,mangiamo|mangia|mangiando|mangiata
Italian_video_3.txt,03-06,Translate to Italian: In Naples we have breakfast at Gambrinus.,A Napoli facciamo colazione da Gambrinus,A|Napoli|facciamo|colazione|da|Gambrinus,mangiata|mangia|da|mangiando|mangiamo|Gambrinus|colazione|A|Napoli|facciamo,mangiamo|mangia|mangiando|mangiata
Italian_video_3.txt,03-07,Translate to Italian: Maradona brought many victories to Napoli.,Maradona ha portato molte vittorie al Napoli,Maradona|ha|portato|molte|vittorie|al|Napoli,molte|mangiata|vittorie|Maradona|ha|portando|Napoli|al|portato|mangiando|portata,portata|mangiando|portando|mangiata
Italian_video_3.txt,03-08,Translate to Italian: We get two cappuccinos and two sfogliatellas.,Prendiamo due cappuccini e due sfogliatelle,Prendiamo|due|cappuccini|e|due|sfogliatelle,mangiamo|cappuccini|due|mangiando|due|e|mangia|sfogliatelle|Prendiamo|mangiata,mangiamo|mangia|mangiando|mangiata
Italian_video_3.txt,03-09,Translate to Italian: We drink an Aperol spritz at the stall.,Beviamo uno spritz alla bancarella,Beviamo|uno|spritz|alla|bancarella,un|mangiata|uno|bancarella|Beviamo|alla|mangiamo|mangiando|spritz,mangiata|mangiando|un|mangiamo
Italian_video_3.txt,03-10,Translate to Italian: We walk on the seafront in Chiaia.,Passeggiamo sul lungomare di Chiaia,Passeggiamo|sul|lungomare|di|Chiaia,mangiando|mangia|mangiata|mangiamo|sul|Chiaia|lungomare|Passeggiamo|di,mangiamo|mangia|mangiando|mangiata
Italian_video_4.txt,04-01,Translate to Italian: The Upper Lazio coast is near Tuscany.,La costa dell'Alto Lazio è vicina alla Toscana,La|costa|dell'Alto|Lazio|è|vicina|alla|Toscana,vicina|mangiando|dell'Alto|Lazio|è|mangiata|La|Toscana|mangia|alla|costa|mangiamo,mangiamo|mangia|mangiando|mangiata
Italian_video_4.txt,04-02,Translate to Italian: There is a lot of traffic near Prati.,C'è molto traffico vicino a Prati,C'è|molto|traffico|vicino|a|Prati,mangiamo|mangia|C'è|a|mangiata|molto|vicino|traffico|Prati|mangiando,mangiamo|mangia|mangiando|mangiata
Italian_video_4.txt,04-03,Translate to Italian: Tomorrow we go to the sea in Lazio.,Domani andiamo al mare nel Lazio,Domani|andiamo|al|mare|nel|Lazio,nel|mangia|al|mangiamo|Lazio|Domani|mangiando|andiamo|mangiata|mare,mangiamo|mangia|mangiando|mangiata
Italian_video_4.txt,04-04,Translate to Italian: In Rome it is very hot today.,A Roma oggi fa molto caldo,A|Roma|oggi|fa|molto|caldo,molto|mangiamo|mangia|oggi|fa|caldo|Roma|mangiata|A|mangiando,mangiamo|mangia|mangiando|mangiata
Italian_video_4.txt,04-05,Translate to Italian: We go to see the fireworks at Castel Sant'Angelo.,Andiamo a vedere i fuochi a Castel Sant'Angelo,Andiamo|a|vedere|i|fuochi|a|Castel|Sant'Angelo,Castel|gli|Sant'Angelo|mangiata|mangiamo|vedere|mangiando|Andiamo|i|a|fuochi|a,mangiata|mangiando|gli|mangiamo
Italian_video_4.txt,04-06,Translate to Italian: We prepare the suitcase for the vacation.,Prepariamo la valigia per la vacanza,Prepariamo|la|valigia|per|la|vacanza,valigia|vacanza|Prepariamo|le|la|la|mangiata|mangiamo|mangiando|per,mangiamo|le|mangiando|mangiata
Italian_video_4.txt,04-07,Translate to Italian: On the beach we drink coffee and read a book.,In spiaggia beviamo caffè e leggiamo un libro,In|spiaggia|beviamo|caffè|e|leggiamo|un|libro,un|leggiamo|mangiando|uno|caffè|mangiata|mangiamo|spiaggia|libro|beviamo|e|In,mangiamo|uno|mangiando|mangiata
Italian_video_4.txt,04-08,Translate to Italian: The Girandola is an ancient fireworks show.,La Girandola è uno spettacolo pirotecnico antico,La|Girandola|è|uno|spettacolo|pirotecnico|antico,un|antico|mangiamo|La|uno|Girandola|è|spettacolo|pirotecnico|mangiando|mangiata,mangiata|mangiando|un|mangiamo
Italian_video_4.txt,04-09,Translate to Italian: Today in Rome is a holiday for Saints Peter and Paul.,Oggi a Roma è festa per i Santi Pietro e Paolo,Oggi|a|Roma|è|festa|per|i|Santi|Pietro|e|Paolo,festa|Santi|Oggi|mangiando|Pietro|gli|mangiamo|Roma|i|è|a|mangiata|per|Paolo|e,mangiata|mangiando|gli|mangiamo
Italian_video_4.txt,04-10,Translate to Italian: We take the dogs for a walk on the beach.,Portiamo i cani a passeggiare sulla spiaggia,Portiamo|i|cani|a|passeggiare|sulla|spiaggia,cani|gli|mangiando|passeggiare|a|spiaggia|mangiata|mangiamo|Portiamo|sulla|i,mangiata|mangiando|gli|mangiamo
Italian_video_5.txt,05-01,Translate to Italian: In Milan we drink a spritz before lunch.,A Milano beviamo uno spritz prima di pranzo,A|Milano|beviamo|uno|spritz|prima|di|pranzo,spritz|mangiata|mangiamo|A|Milano|prima|beviamo|di|mangiando|un|uno|pranzo,mangiata|mangiando|un|mangiamo
Italian_video_5.txt,05-02,Translate to Italian: We look at the restaurant's virtual menu.,Guardiamo il menu virtuale del ristorante,Guardiamo|il|menu|virtuale|del|ristorante,mangiando|virtuale|lo|mangiata|Guardiamo|il|menu|mangiamo|ristorante|del,mangiamo|lo|mangiando|mangiata
Italian_video_5.txt,05-03,Translate to Italian: I order tricolore paccheri with pesto and burrata.,Ordino paccheri tricolore con pesto e burrata,Ordino|paccheri|tricolore|con|pesto|e|burrata,e|mangiamo|burrata|tricolore|Ordino|mangia|mangiata|mangiando|pesto|con|paccheri,mangiamo|mangia|mangiando|mangiata
Italian_video_5.txt,05-04,Translate to Italian: Today I forgot the jacket.,Oggi ho dimenticato la giacca,Oggi|ho|dimenticato|la|giacca,giacca|dimenticando|ho|mangiata|Oggi|la|dimenticata|dimenticato|mangiando,mangiando|dimenticata|mangiata|dimenticando
Italian_video_5.txt,05-05,Translate to Italian: After lunch we get a gelato.,Dopo pranzo prendiamo un gelato,Dopo|pranzo|prendiamo|un|gelato,gelata|un|pranzo|mangiata|prendiamo|gelando|gelato|uno|Dopo,uno|gelata|mangiata|gelando
Italian_video_5.txt,05-06,Translate to Italian: The waitress asks if that is all.,La cameriera chiede se è a posto così,La|cameriera|chiede|se|è|a|posto|così,chiede|posto|è|mangiamo|La|mangiando|mangiata|se|cameriera|così|a|mangia,mangiamo|mangia|mangiando|mangiata
Italian_video_5.txt,05-07,Translate to Italian: We go to lunch at Miscusi.,Andiamo a pranzo da Miscusi,Andiamo|a|pranzo|da|Miscusi,mangiata|Andiamo|da|a|Miscusi|mangiamo|pranzo|mangiando|mangia,mangiamo|mangia|mangiando|mangiata
Italian_video_5.txt,05-08,Translate to Italian: We take two glasses of red wine.,Prendiamo due calici di vino rosso,Prendiamo|due|calici|di|vino|rosso,di|mangiata|mangiando|rosso|mangia|due|mangiamo|calici|Prendiamo|vino,mangiamo|mangia|mangiando|mangiata
Italian_video_5.txt,05-09,Translate to Italian: The corrected coffee helps digestion.,Il caffè corretto aiuta la digestione,Il|caffè|corretto|aiuta|la|digestione,aiuta|le|mangiando|digestione|corretto|mangiamo|Il|la|caffè|mangiata,mangiamo|le|mangiando|mangiata
Italian_video_5.txt,05-10,Translate to Italian: In Milan the prices are high.,A Milano i prezzi sono alti,A|Milano|i|prezzi|sono|alti,Milano|prezzi|alti|mangiando|mangiamo|gli|A|mangiata|sono|i,mangiata|mangiando|gli|mangiamo
Italian_video_6.txt,06-01,Translate to Italian: I work from Italy for a few days.,Lavoro dall'Italia per qualche giorno,Lavoro|dall'Italia|per|qualche|giorno,per|giorno|Lavoro|qualche|mangiata|dall'Italia|mangiando|mangiamo|mangia,mangiamo|mangia|mangiando|mangiata
Italian_video_6.txt,06-02,Translate to Italian: I buy a gift for my mom.,Compro un regalo per mia mamma,Compro|un|regalo|per|mia|mamma,regalo|mia|mamma|uno|un|mangiando|mangiamo|Compro|mangiata|per,mangiamo|uno|mangiando|mangiata
Italian_video_6.txt,06-03,Translate to Italian: I drink oat milk in the morning.,Bevo latte di avena al mattino,Bevo|latte|di|avena|al|mattino,mattino|latte|avena|al|Bevo|mangiando|mangia|mangiata|di|mangiamo,mangiamo|mangia|mangiando|mangiata
Italian_video_6.txt,06-04,Translate to Italian: I have breakfast with crunchy cereal.,Faccio colazione con cereali croccanti,Faccio|colazione|con|cereali|croccanti,mangiando|con|cereali|colazione|mangiata|mangia|mangiamo|Faccio|croccanti,mangiamo|mangia|mangiando|mangiata
Italian_video_6.txt,06-05,Translate to Italian: I return to Italy for my brother's birthday.,Torno in Italia per il compleanno di mio fratello,Torno|in|Italia|per|il|compleanno|di|mio|fratello,mangiata|il|mangiando|per|in|di|mio|Italia|Torno|compleanno|lo|fratello|mangiamo,mangiamo|lo|mangiando|mangiata
Italian_video_6.txt,06-06,Translate to Italian: I close the suitcase and go to the airport.,Chiudo la valigia e vado in aeroporto,Chiudo|la|valigia|e|vado|in|aeroporto,mangiamo|e|vado|mangiando|mangiata|in|le|valigia|la|aeroporto|Chiudo,mangiamo|le|mangiando|mangiata
Italian_video_6.txt,06-07,Translate to Italian: I get the new phone.,Prendo il telefono nuovo,Prendo|il|telefono|nuovo,il|lo|Prendo|telefono|mangiando|mangiamo|mangiata|nuovo,mangiamo|lo|mangiando|mangiata
Italian_video_6.txt,06-08,Translate to Italian: I use spirulina for health.,Uso la spirulina per la salute,Uso|la|spirulina|per|la|salute,per|mangiamo|salute|mangiata|mangiando|spirulina|la|Uso|le|la,mangiamo|le|mangiando|mangiata
Italian_video_6.txt,06-09,Translate to Italian: I miss my family at home.,Mi manca la mia famiglia a casa,Mi|manca|la|mia|famiglia|a|casa,mangiata|mangiamo|mangiando|famiglia|a|mia|casa|Mi|manca|le|la,mangiamo|le|mangiando|mangiata
Italian_video_6.txt,06-10,Translate to Italian: I make porridge with apple and cinnamon.,Preparo il porridge con mela e cannella,Preparo|il|porridge|con|mela|e|cannella,con|e|porridge|mela|mangiamo|lo|Preparo|il|mangiando|cannella|mangiata,mangiamo|lo|mangiando|mangiata
Italian_video_7.txt,07-01,Translate to Italian: We wait for the leavening with patience.,Aspettiamo la lievitazione con pazienza,Aspettiamo|la|lievitazione|con|pazienza,mangiando|con|la|mangiata|mangiamo|le|pazienza|lievitazione|Aspettiamo,mangiamo|le|mangiando|mangiata
Italian_video_7.txt,07-02,Translate to Italian: In Naples the pizza is soft and light.,A Napoli la pizza è soffice e leggera,A|Napoli|la|pizza|è|soffice|e|leggera,mangiata|Napoli|le|è|e|pizza|la|soffice|A|leggera|mangiamo|mangiando,mangiamo|le|mangiando|mangiata
Italian_video_7.txt,07-03,Translate to Italian: The pizza maker checks humidity and temperature.,Il pizzaiolo controlla umidità e temperatura,Il|pizzaiolo|controlla|umidità|e|temperatura,mangiata|mangiamo|pizzaiolo|temperatura|e|mangia|mangiando|Il|controlla|umidità,mangiamo|mangia|mangiando|mangiata
Italian_video_7.txt,07-04,Translate to Italian: The dough must be stretchable and soft.,L'impasto deve essere estensibile e morbido,L'impasto|deve|essere|estensibile|e|morbido,mangiata|estensibile|mangiando|mangia|L'impasto|e|morbido|deve|essere|mangiamo,mangiamo|mangia|mangiando|mangiata
Italian_video_7.txt,07-05,Translate to Italian: Oil the pan before putting the dough.,Ungi la teglia prima di mettere l'impasto,Ungi|la|teglia|prima|di|mettere|l'impasto,Ungi|mangiata|mettere|prima|l'impasto|mangiando|di|mangiamo|la|le|teglia,mangiamo|le|mangiando|mangiata
Italian_video_7.txt,07-06,Translate to Italian: We bake the pizza in the home oven.,Cuociamo la pizza nel forno di casa,Cuociamo|la|pizza|nel|forno|di|casa,mangiata|pizza|Cuociamo|le|la|nel|mangiamo|di|forno|casa|mangiando,mangiamo|le|mangiando|mangiata
Italian_video_7.txt,07-07,Translate to Italian: We make two dough balls for two pans.,Facciamo due panetti per due teglie,Facciamo|due|panetti|per|due|teglie,mangiamo|per|mangiata|due|mangia|due|Facciamo|teglie|panetti|mangiando,mangiamo|mangia|mangiando|mangiata
Italian_video_7.txt,07-08,Translate to Italian: We leave the dough to rest for many hours.,Lasciamo l'impasto a riposare per molte ore,Lasciamo|l'impasto|a|riposare|per|molte|ore,mangiamo|molte|l'impasto|Lasciamo|per|mangiando|ore|mangiata|riposare|mangia|a,mangiamo|mangia|mangiando|mangiata
Italian_video_7.txt,07-09,"Translate to Italian: We prepare the dough with flour, water, salt and yeast.",Prepariamo l'impasto con farina acqua sale e lievito,Prepariamo|l'impasto|con|farina|acqua|sale|e|lievito,con|e|l'impasto|mangiata|lievendo|mangiando|Prepariamo|farina|lievito|lievita|sale|acqua,lievita|mangiando|lievendo|mangiata
Italian_video_7.txt,07-10,Translate to Italian: We put the topping on the pizzas.,Mettiamo il condimento sulle pizze,Mettiamo|il|condimento|sulle|pizze,pizze|mangiando|il|sulle|condimento|Mettiamo|mangiamo|mangiata|lo,mangiamo|lo|mangiando|mangiata
Italian_video_8.txt,08-01,Translate to Italian: We put garlic and parsley in the oil.,Mettiamo aglio e prezzemolo nell'olio,Mettiamo|aglio|e|prezzemolo|nell'olio,mangiata|nell'olio|mangiando|mangia|prezzemolo|mangiamo|aglio|e|Mettiamo,mangiamo|mangia|mangiando|mangiata
Italian_video_8.txt,08-02,Translate to Italian: We cut the squid into thin rings.,Tagliamo i calamari a rondelle sottili,Tagliamo|i|calamari|a|rondelle|sottili,gli|mangiamo|a|rondelle|calamari|i|mangiando|sottili|Tagliamo|mangiata,mangiata|mangiando|gli|mangiamo
Italian_video_8.txt,08-03,Translate to Italian: We make an excellent pasta with little fish.,Facciamo una pasta eccezionale con poco pesce,Facciamo|una|pasta|eccezionale|con|poco|pesce,mangiata|con|pasta|un|mangiando|Facciamo|pesce|eccezionale|poco|una|mangiamo,mangiata|mangiando|un|mangiamo
Italian_video_8.txt,08-04,Translate to Italian: We cook the spaghetti in eight minutes.,Cuociamo gli spaghetti in otto minuti,Cuociamo|gli|spaghetti|in|otto|minuti,gli|spaghetti|otto|Cuociamo|mangiata|minuti|in|i|mangiando|mangiamo,i|mangiando|mangiata|mangiamo
Italian_video_8.txt,08-05,Translate to Italian: We toss the pasta to make it creamy.,Sbattiamo la pasta per farla cremosa,Sbattiamo|la|pasta|per|farla|cremosa,pasta|farla|la|Sbattiamo|mangiamo|mangiando|le|mangiata|per|cremosa,mangiamo|le|mangiando|mangiata
Italian_video_8.txt,08-06,Translate to Italian: I throw in the spaghetti and mix in the wok.,Butto gli spaghetti e mescolo nella wok,Butto|gli|spaghetti|e|mescolo|nella|wok,mangiamo|e|mangiata|mescolo|Butto|spaghetti|i|gli|wok|mangiando|nella,i|mangiando|mangiata|mangiamo
Italian_video_8.txt,08-07,Translate to Italian: We add a little chili pepper.,Aggiungiamo un po' di peperoncino,Aggiungiamo|un|po'|di|peperoncino,mangiamo|mangiando|po'|peperoncino|mangiata|Aggiungiamo|uno|un|di,mangiamo|uno|mangiando|mangiata
Italian_video_8.txt,08-08,Translate to Italian: We pop a very cold prosecco.,Stappiamo un prosecco ben ghiacciato,Stappiamo|un|prosecco|ben|ghiacciato,ghiacciato|un|ghiacciando|prosecco|uno|mangiata|ben|Stappiamo|ghiacciata,uno|ghiacciando|ghiacciata|mangiata
Italian_video_8.txt,08-09,Translate to Italian: We salt the pasta with the cooking water.,Saliamo la pasta con l'acqua di cottura,Saliamo|la|pasta|con|l'acqua|di|cottura,con|mangiamo|mangiata|la|l'acqua|pasta|Saliamo|le|mangiando|di|cottura,mangiamo|le|mangiando|mangiata
Italian_video_8.txt,08-10,Translate to Italian: It is a holiday and we cook for the family.,È festa e cuciniamo per la famiglia,È|festa|e|cuciniamo|per|la|famiglia,mangiando|mangiata|cuciniamo|per|e|festa|È|la|le|famiglia|mangiamo,mangiamo|le|mangiando|mangiata
Italian_video_9.txt,09-01,Translate to Italian: We cook the spaghetti in eight minutes.,Cuociamo gli spaghetti in otto minuti,Cuociamo|gli|spaghetti|in|otto|minuti,spaghetti|Cuociamo|i|gli|otto|mangiando|mangiata|mangiamo|minuti|in,i|mangiando|mangiata|mangiamo
Italian_video_9.txt,09-02,Translate to Italian: We make an excellent pasta with little fish.,Facciamo una pasta eccezionale con poco pesce,Facciamo|una|pasta|eccezionale|con|poco|pesce,Facciamo|pasta|una|con|pesce|mangiando|mangiamo|poco|un|mangiata|eccezionale,mangiata|mangiando|un|mangiamo
Italian_video_9.txt,09-03,Translate to Italian: We pop a very cold prosecco.,Stappiamo un prosecco ben ghiacciato,Stappiamo|un|prosecco|ben|ghiacciato,mangiata|ghiacciata|prosecco|Stappiamo|ghiacciando|ben|uno|un|ghiacciato,uno|ghiacciando|ghiacciata|mangiata
Italian_video_9.txt,09-04,Translate to Italian: I throw in the spaghetti and mix in the wok.,Butto gli spaghetti e mescolo nella wok,Butto|gli|spaghetti|e|mescolo|nella|wok,nella|mescolo|i|e|mangiamo|Butto|gli|spaghetti|mangiando|mangiata|wok,i|mangiando|mangiata|mangiamo
Italian_video_9.txt,09-05,Translate to Italian: We put garlic and parsley in the oil.,Mettiamo aglio e prezzemolo nell'olio,Mettiamo|aglio|e|prezzemolo|nell'olio,Mettiamo|mangiando|mangiamo|mangiata|aglio|e|mangia|prezzemolo|nell'olio,mangiamo|mangia|mangiando|mangiata
Italian_video_9.txt,09-06,Translate to Italian: We salt the pasta with the cooking water.,Saliamo la pasta con l'acqua di cottura,Saliamo|la|pasta|con|l'acqua|di|cottura,le|Saliamo|di|l'acqua|mangiamo|con|pasta|mangiata|cottura|mangiando|la,mangiamo|le|mangiando|mangiata
Italian_video_9.txt,09-07,Translate to Italian: We cut the squid into thin rings.,Tagliamo i calamari a rondelle sottili,Tagliamo|i|calamari|a|rondelle|sottili,sottili|Tagliamo|gli|mangiamo|a|mangiando|i|mangiata|rondelle|calamari,mangiata|mangiando|gli|mangiamo
Italian_video_9.txt,09-08,Translate to Italian: We toss the pasta to make it creamy.,Sbattiamo la pasta per farla cremosa,Sbattiamo|la|pasta|per|farla|cremosa,pasta|mangiando|mangiamo|Sbattiamo|cremosa|le|la|farla|per|mangiata,mangiamo|le|mangiando|mangiata
Italian_video_9.txt,09-09,Translate to Italian: It is a holiday and we cook for the family.,È festa e cuciniamo per la famiglia,È|festa|e|cuciniamo|per|la|famiglia,la|le|cuciniamo|famiglia|per|mangiata|festa|e|È|mangiamo|mangiando,mangiamo|le|mangiando|mangiata
Italian_video_9.txt,09-10,Translate to Italian: We add a little chili pepper.,Aggiungiamo un po' di peperoncino,Aggiungiamo|un|po'|di|peperoncino,mangiamo|peperoncino|mangiando|uno|mangiata|po'|Aggiungiamo|di|un,mangiamo|uno|mangiando|mangiata
Italian_video_10.txt,10-01,Translate to Italian: It cooks slowly for several hours.,Cuoce lentamente per alcune ore,Cuoce|lentamente|per|alcune|ore,mangia|ore|Cuoce|mangiando|lentamente|mangiata|mangiamo|alcune|per,mangiamo|mangia|mangiando|mangiata
Italian_video_10.txt,10-02,Translate to Italian: We roll the fresh pasta very thin.,Tiriamo la pasta fresca molto sottile,Tiriamo|la|pasta|fresca|molto|sottile,molto|mangiando|mangiata|la|sottile|fresca|pasta|le|Tiriamo|mangiamo,mangiamo|le|mangiando|mangiata
Italian_video_10.txt,10-03,Translate to Italian: We add wine and tomato to the ragù.,Aggiungiamo vino e pomodoro al ragù,Aggiungiamo|vino|e|pomodoro|al|ragù,mangia|Aggiungiamo|e|vino|mangiando|mangiamo|ragù|al|mangiata|pomodoro,mangiamo|mangia|mangiando|mangiata
Italian_video_10.txt,10-04,Translate to Italian: We make a smooth and fragrant béchamel.,Facciamo una besciamella liscia e profumata,Facciamo|una|besciamella|liscia|e|profumata,mangiando|profumata|mangiata|e|Facciamo|liscia|una|mangiamo|un|besciamella,mangiata|mangiando|un|mangiamo
Italian_video_10.txt,10-05,Translate to Italian: Lasagna is a dish of the tradition.,La lasagna è un piatto della tradizione,La|lasagna|è|un|piatto|della|tradizione,uno|mangiata|è|mangiando|lasagna|della|piatto|un|tradizione|mangiamo|La,mangiamo|uno|mangiando|mangiata
Italian_video_10.txt,10-06,"Translate to Italian: We prepare a ragù with carrots, celery and onion.",Prepariamo un ragù con carote sedano e cipolla,Prepariamo|un|ragù|con|carote|sedano|e|cipolla,con|ragù|Prepariamo|sedano|cipolla|e|un|uno|mangiando|mangiamo|mangiata|carote,mangiamo|uno|mangiando|mangiata
Italian_video_10.txt,10-07,Translate to Italian: We use a wine loved by Giuseppe Verdi.,Usiamo un vino amato da Giuseppe Verdi,Usiamo|un|vino|amato|da|Giuseppe|Verdi,vino|Giuseppe|amando|uno|amata|Usiamo|amato|da|Verdi|un|mangiata,amando|uno|amata|mangiata
Italian_video_10.txt,10-08,Translate to Italian: We salt a little and mix well.,Saliamo poco e mescoliamo bene,Saliamo|poco|e|mescoliamo|bene,mangiando|e|mangiamo|poco|mangiata|mescoliamo|Saliamo|bene|mangia,mangiamo|mangia|mangiando|mangiata
Italian_video_10.txt,10-09,Translate to Italian: We assemble the lasagna in layers in the dish.,Montiamo la lasagna a strati nella pirofila,Montiamo|la|lasagna|a|strati|nella|pirofila,pirofila|mangiata|la|le|a|nella|Montiamo|strati|mangiando|mangiamo|lasagna,mangiamo|le|mangiando|mangiata
Italian_video_10.txt,10-10,Translate to Italian: We blanch the pasta sheets for a minute.,Sbollentiamo i fogli di pasta per un minuto,Sbollentiamo|i|fogli|di|pasta|per|un|minuto,fogli|gli|minuta|uno|Sbollentiamo|un|minuto|mangiata|pasta|per|di|i,mangiata|uno|minuta|gli
Italian_video_11.txt,11-01,Translate to Italian: We use the basket for steaming.,Usiamo il cestino per la cottura a vapore,Usiamo|il|cestino|per|la|cottura|a|vapore,la|il|Usiamo|a|le|mangiando|cottura|per|lo|cestino|vapore|mangiata,lo|le|mangiando|mangiata
Italian_video_11.txt,11-02,Translate to Italian: I add a touch of mayonnaise on the eggs.,Aggiungo un filo di maionese sulle uova,Aggiungo|un|filo|di|maionese|sulle|uova,filo|maionese|di|un|Aggiungo|mangiamo|mangiata|uno|uova|sulle|mangiando,mangiamo|uno|mangiando|mangiata
Italian_video_11.txt,11-03,Translate to Italian: We put the anchovy fillet on top.,Mettiamo il filetto di alice sopra,Mettiamo|il|filetto|di|alice|sopra,il|Mettiamo|mangiamo|sopra|mangiando|lo|alice|filetto|di|mangiata,mangiamo|lo|mangiando|mangiata
Italian_video_11.txt,11-04,Translate to Italian: Anchovies are rich in omega three.,Le alici sono ricche di omega tre,Le|alici|sono|ricche|di|omega|tre,sono|ricche|di|tre|alici|Le|mangia|mangiando|omega|mangiamo|mangiata,mangiamo|mangia|mangiando|mangiata
Italian_video_11.txt,11-05,Translate to Italian: I put the eggs to boil for dinner.,Metto le uova a bollire per la cena,Metto|le|uova|a|bollire|per|la|cena,a|Metto|mangiando|mangiata|la|per|le|cena|uova|bollire,la|le|mangiando|mangiata
Italian_video_11.txt,11-06,Translate to Italian: We dress the asparagus with oil and salt.,Condiamo gli asparagi con olio e sale,Condiamo|gli|asparagi|con|olio|e|sale,mangiando|mangiamo|gli|e|mangiata|con|Condiamo|i|sale|olio|asparagi,i|mangiando|mangiata|mangiamo
Italian_video_11.txt,11-07,Translate to Italian: We prepare dinner together with Mom.,Prepariamo la cena insieme a mamma,Prepariamo|la|cena|insieme|a|mamma,a|mangiamo|mangiando|Prepariamo|mangiata|le|mamma|insieme|la|cena,mangiamo|le|mangiando|mangiata
Italian_video_11.txt,11-08,Translate to Italian: We cook the asparagus with oil and salt.,Cuciniamo gli asparagi con olio e sale,Cuciniamo|gli|asparagi|con|olio|e|sale,asparagi|con|mangiamo|gli|e|Cuciniamo|mangiata|mangiando|i|olio|sale,i|mangiando|mangiata|mangiamo
Italian_video_11.txt,11-09,Translate to Italian: Asparagus are in season now.,Gli asparagi sono di stagione adesso,Gli|asparagi|sono|di|stagione|adesso,mangia|adesso|mangiata|sono|Gli|mangiando|stagione|asparagi|di|mangiamo,mangiamo|mangia|mangiando|mangiata
Italian_video_11.txt,11-10,Translate to Italian: In the fridge we also find the olives.,Nel frigo troviamo anche le olive,Nel|frigo|troviamo|anche|le|olive,la|mangiando|troviamo|mangiamo|olive|le|mangiata|frigo|Nel|anche,la|mangiando|mangiata|mangiamo
Italian_video_12.txt,12-01,Translate to Italian: Today in Rome there are many people in the square.,A Roma oggi c'è tanta gente in piazza,A|Roma|oggi|c'è|tanta|gente|in|piazza,in|gente|A|oggi|c'è|mangiamo|Roma|mangia|piazza|mangiata|tanta|mangiando,mangiamo|mangia|mangiando|mangiata
Italian_video_12.txt,12-02,Translate to Italian: After the class I walk near Saint Peter's.,Dopo il corso passeggio vicino a San Pietro,Dopo|il|corso|passeggio|vicino|a|San|Pietro,mangiando|Pietro|mangiata|San|mangiamo|vicino|Dopo|lo|passeggio|a|il|corso,mangiamo|lo|mangiando|mangiata
Italian_video_12.txt,12-03,Translate to Italian: In the afternoon I have an online Portuguese lesson.,Nel pomeriggio faccio lezione di portoghese online,Nel|pomeriggio|faccio|lezione|di|portoghese|online,pomeriggio|di|lezione|mangia|faccio|mangiamo|mangiata|online|Nel|mangiando|portoghese,mangiamo|mangia|mangiando|mangiata
Italian_video_12.txt,12-04,"Translate to Italian: I study languages by listening, reading and speaking.",Studio le lingue ascoltando leggendo e parlando,Studio|le|lingue|ascoltando|leggendo|e|parlando,Studio|mangiando|mangiata|le|lingue|e|mangiamo|la|ascoltando|parlando|leggendo,la|mangiando|mangiata|mangiamo
Italian_video_12.txt,12-05,Translate to Italian: I prepare a study plan for Portuguese.,Preparo un piano di studio per il portoghese,Preparo|un|piano|di|studio|per|il|portoghese,di|un|Preparo|il|per|uno|piano|mangiata|lo|mangiando|portoghese|studio,uno|mangiando|mangiata|lo
Italian_video_12.txt,12-06,Translate to Italian: I shape a cup with the slab technique.,Modello una tazza con la tecnica a lastra,Modello|una|tazza|con|la|tecnica|a|lastra,la|a|le|un|Modello|con|tecnica|mangiando|tazza|una|mangiata|lastra,mangiata|le|mangiando|un
Italian_video_12.txt,12-07,Translate to Italian: I thank those who follow me on the channel and on Instagram.,Ringrazio chi mi segue sul canale e su Instagram,Ringrazio|chi|mi|segue|sul|canale|e|su|Instagram,mi|Instagram|su|sul|e|chi|mangiamo|mangiata|Ringrazio|canale|mangiando|segue|mangia,mangiamo|mangia|mangiando|mangiata
Italian_video_12.txt,12-08,Translate to Italian: I get up early for a ceramics workshop.,Mi alzo presto per un workshop di ceramica,Mi|alzo|presto|per|un|workshop|di|ceramica,un|mangiando|ceramica|Mi|alzo|workshop|per|mangiata|mangiamo|uno|presto|di,mangiamo|uno|mangiando|mangiata
Italian_video_12.txt,12-09,Translate to Italian: I write good morning on my new cup.,Scrivo buongiorno sulla mia nuova tazza,Scrivo|buongiorno|sulla|mia|nuova|tazza,tazza|buongiorno|mangia|nuova|mangiata|mangiando|mangiamo|Scrivo|mia|sulla,mangiamo|mangia|mangiando|mangiata
Italian_video_12.txt,12-10,Translate to Italian: I feel happy when I work with creativity.,Mi sento felice quando lavoro con la creatività,Mi|sento|felice|quando|lavoro|con|la|creatività,felice|creatività|Mi|mangiata|le|quando|con|lavoro|mangiando|sento|mangiamo|la,mangiamo|le|mangiando|mangiata
Italian_video_13.txt,13-01,Translate to Italian: After the class I walk near Saint Peter's.,Dopo il corso passeggio vicino a San Pietro,Dopo|il|corso|passeggio|vicino|a|San|Pietro,corso|vicino|passeggio|a|mangiata|il|mangiamo|San|mangiando|lo|Dopo|Pietro,mangiamo|lo|mangiando|mangiata
Italian_video_13.txt,13-02,Translate to Italian: In the afternoon I have an online Portuguese lesson.,Nel pomeriggio faccio lezione di portoghese online,Nel|pomeriggio|faccio|lezione|di|portoghese|online,pomeriggio|online|faccio|mangiata|portoghese|Nel|mangiamo|mangia|mangiando|lezione|di,mangiamo|mangia|mangiando|mangiata
Italian_video_13.txt,13-03,Translate to Italian: I get up early for a ceramics workshop.,Mi alzo presto per un workshop di ceramica,Mi|alzo|presto|per|un|workshop|di|ceramica,mangiata|un|Mi|alzo|di|per|mangiando|uno|presto|mangiamo|workshop|ceramica,mangiamo|uno|mangiando|mangiata
Italian_video_13.txt,13-04,Translate to Italian: I shape a cup with the slab technique.,Modello una tazza con la tecnica a lastra,Modello|una|tazza|con|la|tecnica|a|lastra,mangiata|Modello|tazza|a|la|con|mangiando|le|tecnica|un|lastra|una,mangiata|le|mangiando|un
Italian_video_13.txt,13-05,Translate to Italian: I thank those who follow me on the channel and on Instagram.,Ringrazio chi mi segue sul canale e su Instagram,Ringrazio|chi|mi|segue|sul|canale|e|su|Instagram,Instagram|canale|mangia|Ringrazio|mangiamo|su|e|sul|chi|mi|mangiando|mangiata|segue,mangiamo|mangia|mangiando|mangiata
Italian_video_13.txt,13-06,Translate to Italian: I write good morning on my new cup.,Scrivo buongiorno sulla mia nuova tazza,Scrivo|buongiorno|sulla|mia|nuova|tazza,mangiando|mia|mangia|mangiamo|buongiorno|mangiata|sulla|tazza|nuova|Scrivo,mangiamo|mangia|mangiando|mangiata
Italian_video_13.txt,13-07,Translate to Italian: I prepare a study plan for Portuguese.,Preparo un piano di studio per il portoghese,Preparo|un|piano|di|studio|per|il|portoghese,portoghese|Preparo|mangiata|di|per|piano|mangiando|il|uno|un|studio|lo,uno|mangiando|mangiata|lo
Italian_video_13.txt,13-08,Translate to Italian: Today in Rome there are many people in the square.,A Roma oggi c'è tanta gente in piazza,A|Roma|oggi|c'è|tanta|gente|in|piazza,c'è|oggi|mangia|tanta|gente|mangiata|mangiando|Roma|A|piazza|in|mangiamo,mangiamo|mangia|mangiando|mangiata
Italian_video_13.txt,13-09,Translate to Italian: I feel happy when I work with creativity.,Mi sento felice quando lavoro con la creatività,Mi|sento|felice|quando|lavoro|con|la|creatività,creatività|le|la|lavoro|sento|con|felice|mangiata|Mi|mangiando|mangiamo|quando,mangiamo|le|mangiando|mangiata
Italian_video_13.txt,13-10,"Translate to Italian: I study languages by listening, reading and speaking.",Studio le lingue ascoltando leggendo e parlando,Studio|le|lingue|ascoltando|leggendo|e|parlando,lingue|e|le|la|parlando|ascoltando|Studio|mangiando|leggendo|mangiamo|mangiata,la|mangiando|mangiata|mangiamo
Italian_video_14.txt,14-01,Translate to Italian: Ratatouille is a dish from Provence.,La ratatouille è un piatto della Provenza,La|ratatouille|è|un|piatto|della|Provenza,ratatouille|un|La|è|piatto|Provenza|mangiando|mangiamo|della|mangiata|uno,mangiamo|uno|mangiando|mangiata
Italian_video_14.txt,14-02,Translate to Italian: In the kitchen we listen to the French chef's advice.,In cucina ascoltiamo i consigli dello chef francese,In|cucina|ascoltiamo|i|consigli|dello|chef|francese,ascoltiamo|chef|consigli|mangiata|mangiando|mangiamo|In|cucina|dello|francese|gli|i,mangiata|mangiando|gli|mangiamo
Italian_video_14.txt,14-03,Translate to Italian: We use fresh vegetables from the summer market.,Usiamo verdure fresche del mercato estivo,Usiamo|verdure|fresche|del|mercato|estivo,verdure|del|mercando|Usiamo|fresche|mangiata|mangiando|estivo|mercato|mercata,mercata|mercando|mangiando|mangiata
Italian_video_14.txt,14-04,Translate to Italian: We prepare a tomato and onion sauce.,Prepariamo una salsa di pomodoro e cipolla,Prepariamo|una|salsa|di|pomodoro|e|cipolla,mangiando|pomodoro|e|Prepariamo|cipolla|una|di|mangiamo|un|salsa|mangiata,mangiata|mangiando|un|mangiamo
Italian_video_14.txt,14-05,"Translate to Italian: We cut zucchini, eggplants and peppers into thin slices.",Tagliamo zucchine melanzane e peperoni a fette sottili,Tagliamo|zucchine|melanzane|e|peperoni|a|fette|sottili,fette|mangiamo|Tagliamo|sottili|mangiata|melanzane|mangia|a|peperoni|mangiando|zucchine|e,mangiamo|mangia|mangiando|mangiata
Italian_video_14.txt,14-06,Translate to Italian: We cook the vegetables slowly in the oven.,Cuociamo le verdure lentamente in forno,Cuociamo|le|verdure|lentamente|in|forno,forno|le|in|mangiando|mangiata|lentamente|verdure|la|Cuociamo|mangiamo,la|mangiando|mangiata|mangiamo
Italian_video_14.txt,14-07,Translate to Italian: We will season everything with olive oil and thyme.,Condiremo tutto con olio d'oliva e timo,Condiremo|tutto|con|olio|d'oliva|e|timo,timo|mangiando|con|d'oliva|e|tutto|Condiremo|mangiata|olio|mangia|mangiamo,mangiamo|mangia|mangiando|mangiata
Italian_video_14.txt,14-08,Translate to Italian: We let the ratatouille rest before serving it.,Lasciamo riposare la ratatouille prima di servirla,Lasciamo|riposare|la|ratatouille|prima|di|servirla,servirla|mangiamo|mangiando|riposare|le|ratatouille|Lasciamo|prima|mangiata|di|la,mangiamo|le|mangiando|mangiata
Italian_video_14.txt,14-09,Translate to Italian: We place the vegetables in layers in the cocotte.,Mettiamo le verdure a strati nella cocotte,Mettiamo|le|verdure|a|strati|nella|cocotte,mangiamo|la|mangiando|a|le|nella|cocotte|mangiata|strati|Mettiamo|verdure,la|mangiando|mangiata|mangiamo
Italian_video_14.txt,14-10,Translate to Italian: Ratatouille is colorful and smells like summer.,La ratatouille è colorata e profuma d'estate,La|ratatouille|è|colorata|e|profuma|d'estate,mangia|è|mangiamo|d'estate|colorata|ratatouille|profuma|La|mangiando|mangiata|e,mangiamo|mangia|mangiando|mangiata
Italian_video_15.txt,15-01,Translate to Italian: We use the basket for steaming.,Usiamo il cestino per la cottura a vapore,Usiamo|il|cestino|per|la|cottura|a|vapore,a|vapore|per|mangiata|cottura|la|mangiando|le|il|cestino|lo|Usiamo,lo|le|mangiando|mangiata
Italian_video_15.txt,15-02,Translate to Italian: We prepare dinner together with Mom.,Prepariamo la cena insieme a mamma,Prepariamo|la|cena|insieme|a|mamma,mangiata|la|Prepariamo|cena|mangiamo|a|mamma|mangiando|le|insieme,mangiamo|le|mangiando|mangiata
Italian_video_15.txt,15-03,Translate to Italian: In the fridge we also find the olives.,Nel frigo troviamo anche le olive,Nel|frigo|troviamo|anche|le|olive,anche|mangiata|mangiamo|troviamo|le|olive|la|Nel|frigo|mangiando,la|mangiando|mangiata|mangiamo
Italian_video_15.txt,15-04,Translate to Italian: Anchovies are rich in omega three.,Le alici sono ricche di omega tre,Le|alici|sono|ricche|di|omega|tre,sono|mangiamo|ricche|tre|mangiata|alici|di|Le|mangia|omega|mangiando,mangiamo|mangia|mangiando|mangiata
Italian_video_15.txt,15-05,Translate to Italian: We dress the asparagus with oil and salt.,Condiamo gli asparagi con olio e sale,Condiamo|gli|asparagi|con|olio|e|sale,mangiata|gli|mangiando|e|con|olio|mangiamo|asparagi|sale|Condiamo|i,i|mangiando|mangiata|mangiamo
Italian_video_15.txt,15-06,Translate to Italian: We put the anchovy fillet on top.,Mettiamo il filetto di alice sopra,Mettiamo|il|filetto|di|alice|sopra,mangiando|sopra|Mettiamo|mangiata|lo|alice|mangiamo|di|il|filetto,mangiamo|lo|mangiando|mangiata
Italian_video_15.txt,15-07,Translate to Italian: We cook the asparagus with oil and salt.,Cuciniamo gli asparagi con olio e sale,Cuciniamo|gli|asparagi|con|olio|e|sale,i|gli|asparagi|mangiata|sale|mangiamo|mangiando|olio|con|Cuciniamo|e,i|mangiando|mangiata|mangiamo
Italian_video_15.txt,15-08,Translate to Italian: Asparagus are in season now.,Gli asparagi sono di stagione adesso,Gli|asparagi|sono|di|stagione|adesso,sono|stagione|asparagi|adesso|Gli|mangiata|mangiamo|mangiando|di|mangia,mangiamo|mangia|mangiando|mangiata
Italian_video_15.txt,15-09,Translate to Italian: I put the eggs to boil for dinner.,Metto le uova a bollire per la cena,Metto|le|uova|a|bollire|per|la|cena,uova|mangiando|cena|la|per|bollire|le|Metto|mangiata|a,la|le|mangiando|mangiata
Italian_video_15.txt,15-10,Translate to Italian: I add a touch of mayonnaise on the eggs.,Aggiungo un filo di maionese sulle uova,Aggiungo|un|filo|di|maionese|sulle|uova,di|mangiata|mangiamo|sulle|mangiando|uno|Aggiungo|un|filo|maionese|uova,mangiamo|uno|mangiando|mangiata
Italian_video_16.txt,16-01,Translate to Italian: We cook the Florentine steak on the embers.,Cuociamo la bistecca alla fiorentina sulla brace,Cuociamo|la|bistecca|alla|fiorentina|sulla|brace,la|sulla|fiorentina|mangiata|mangiando|alla|Cuociamo|le|bistecca|brace|mangiamo,mangiamo|le|mangiando|mangiata
Italian_video_16.txt,16-02,Translate to Italian: In Tuscany we eat beans and steak.,In Toscana mangiamo fagioli e bistecca,In|Toscana|mangiamo|fagioli|e|bistecca,mangiando|mangia|fagioli|Toscana|mangiata|bistecca|e|mangiamo|mangiate|In,mangiate|mangia|mangiando|mangiata
Italian_video_16.txt,16-03,Translate to Italian: We never pierce the meat with a fork.,Non buchiamo mai la carne con la forchetta,Non|buchiamo|mai|la|carne|con|la|forchetta,con|Non|mangiamo|la|la|buchiamo|forchetta|mangiando|mai|mangiata|carne|le,mangiamo|le|mangiando|mangiata
Italian_video_16.txt,16-04,Translate to Italian: The fat of the meat is its seasoning.,Il grasso della carne è il suo condimento,Il|grasso|della|carne|è|il|suo|condimento,della|carne|grasso|mangiamo|lo|condimento|il|Il|suo|mangiando|mangiata|è,mangiamo|lo|mangiando|mangiata
Italian_video_16.txt,16-05,Translate to Italian: We wait for the meat to form a crust.,Aspettiamo che la carne faccia la crosticina,Aspettiamo|che|la|carne|faccia|la|crosticina,mangiando|crosticina|la|mangiamo|la|mangiata|Aspettiamo|carne|le|che|faccia,mangiamo|le|mangiando|mangiata
Italian_video_16.txt,16-06,Translate to Italian: We light the embers with olive wood.,Accendiamo la brace con legna di olivo,Accendiamo|la|brace|con|legna|di|olivo,mangiamo|Accendiamo|olivo|la|mangiata|con|le|di|mangiando|legna|brace,mangiamo|le|mangiando|mangiata
Italian_video_16.txt,16-07,Translate to Italian: We use a very hot iron grill.,Usiamo una griglia ben calda di ferro,Usiamo|una|griglia|ben|calda|di|ferro,di|mangiamo|calda|griglia|mangiando|Usiamo|una|ferro|mangiata|un|ben,mangiata|mangiando|un|mangiamo
Italian_video_16.txt,16-08,Translate to Italian: The steak is at least four fingers high.,La bistecca è alta almeno quattro dita,La|bistecca|è|alta|almeno|quattro|dita,mangiamo|mangia|mangiando|è|dita|alta|bistecca|mangiata|almeno|quattro|La,mangiamo|mangia|mangiando|mangiata
Italian_video_16.txt,16-09,Translate to Italian: The meat must rest before cutting it.,La carne deve riposare prima di tagliarla,La|carne|deve|riposare|prima|di|tagliarla,carne|riposare|deve|mangiamo|La|prima|tagliarla|mangiando|mangia|mangiata|di,mangiamo|mangia|mangiando|mangiata
Italian_video_16.txt,16-10,Translate to Italian: We cut the steak and serve it immediately.,Tagliamo la bistecca e la serviamo subito,Tagliamo|la|bistecca|e|la|serviamo|subito,bistecca|Tagliamo|le|subita|la|subito|mangiata|subendo|e|la|serviamo,mangiata|subita|le|subendo
Italian_video_17.txt,17-01,Translate to Italian: The potholes in the streets make people laugh and get angry.,Le buche nelle strade fanno ridere e arrabbiare,Le|buche|nelle|strade|fanno|ridere|e|arrabbiare,mangiamo|ridere|mangiando|Le|strade|arrabbiare|fanno|nelle|e|buche|mangiata|mangia,mangiamo|mangia|mangiando|mangiata
Italian_video_17.txt,17-02,Translate to Italian: Citizens and tourists live different realities.,I cittadini e i turisti vivono realtà diverse,I|cittadini|e|i|turisti|vivono|realtà|diverse,realtà|i|turisti|I|mangiando|mangiata|gli|vivono|diverse|e|mangiamo|cittadini,mangiata|mangiando|gli|mangiamo
Italian_video_17.txt,17-03,Translate to Italian: North Rome is wealthier than south Rome.,Roma nord è più benestante di Roma sud,Roma|nord|è|più|benestante|di|Roma|sud,benestante|sud|è|mangiamo|più|mangiata|Roma|mangia|mangiando|Roma|nord|di,mangiamo|mangia|mangiando|mangiata
Italian_video_17.txt,17-04,Translate to Italian: Rome is a complex and beautiful city.,Roma è una città complessa e bellissima,Roma|è|una|città|complessa|e|bellissima,un|mangiata|complessa|bellissima|e|mangiamo|è|una|mangiando|città|Roma,mangiata|mangiando|un|mangiamo
Italian_video_17.txt,17-05,Translate to Italian: In the suburbs you find bars and families at the park.,In periferia trovi bar e famiglie al parco,In|periferia|trovi|bar|e|famiglie|al|parco,e|mangiando|mangiata|periferia|trovi|mangia|al|parco|bar|mangiamo|In|famiglie,mangiamo|mangia|mangiando|mangiata
Italian_video_17.txt,17-06,Translate to Italian: In Eur there is a very tall skyscraper.,All'Eur c'è un grattacielo molto alto,All'Eur|c'è|un|grattacielo|molto|alto,c'è|alto|uno|mangiata|All'Eur|molto|mangiando|grattacielo|mangiamo|un,mangiamo|uno|mangiando|mangiata
Italian_video_17.txt,17-07,Translate to Italian: Parioli is a neighborhood in north Rome.,I Parioli sono un quartiere di Roma nord,I|Parioli|sono|un|quartiere|di|Roma|nord,Roma|mangiata|di|quartiere|un|nord|sono|uno|I|Parioli|mangiamo|mangiando,mangiamo|uno|mangiando|mangiata
Italian_video_17.txt,17-08,Translate to Italian: Many Romans live outside the center.,Molti romani vivono fuori dal centro,Molti|romani|vivono|fuori|dal|centro,mangiamo|vivono|dal|mangiando|mangiata|mangia|centro|romani|fuori|Molti,mangiamo|mangia|mangiando|mangiata
Italian_video_17.txt,17-09,Translate to Italian: From the Janiculum you can see Saint Peter's dome.,Dal Gianicolo si vede la cupola di San Pietro,Dal|Gianicolo|si|vede|la|cupola|di|San|Pietro,si|mangiata|mangiando|cupola|San|le|vede|di|Dal|mangiamo|la|Gianicolo|Pietro,mangiamo|le|mangiando|mangiata
Italian_video_17.txt,17-10,Translate to Italian: Rome has few skyscrapers in the historic center.,Roma ha poche grattacieli nel centro storico,Roma|ha|poche|grattacieli|nel|centro|storico,ha|mangiando|centro|mangiata|mangia|nel|Roma|grattacieli|mangiamo|storico|poche,mangiamo|mangia|mangiando|mangiata
Italian_video_18.txt,18-01,Translate to Italian: We toss the pasta to make it creamy.,Sbattiamo la pasta per farla cremosa,Sbattiamo|la|pasta|per|farla|cremosa,mangiata|la|mangiamo|Sbattiamo|per|le|pasta|cremosa|farla|mangiando,mangiamo|le|mangiando|mangiata
Italian_video_18.txt,18-02,Translate to Italian: We make an excellent pasta with little fish.,Facciamo una pasta eccezionale con poco pesce,Facciamo|una|pasta|eccezionale|con|poco|pesce,mangiamo|una|un|con|eccezionale|mangiata|poco|mangiando|pesce|pasta|Facciamo,mangiata|mangiando|un|mangiamo
Italian_video_18.txt,18-03,Translate to Italian: It is a holiday and we cook for the family.,È festa e cuciniamo per la famiglia,È|festa|e|cuciniamo|per|la|famiglia,È|famiglia|mangiando|e|cuciniamo|mangiata|festa|mangiamo|le|la|per,mangiamo|le|mangiando|mangiata
Italian_video_18.txt,18-04,Translate to Italian: We put garlic and parsley in the oil.,Mettiamo aglio e prezzemolo nell'olio,Mettiamo|aglio|e|prezzemolo|nell'olio,mangia|mangiando|prezzemolo|Mettiamo|mangiamo|mangiata|e|nell'olio|aglio,mangiamo|mangia|mangiando|mangiata
Italian_video_18.txt,18-05,Translate to Italian: We cook the spaghetti in eight minutes.,Cuociamo gli spaghetti in otto minuti,Cuociamo|gli|spaghetti|in|otto|minuti,minuti|otto|mangiando|spaghetti|mangiata|gli|in|Cuociamo|i|mangiamo,i|mangiando|mangiata|mangiamo
Italian_video_18.txt,18-06,Translate to Italian: We cut the squid into thin rings.,Tagliamo i calamari a rondelle sottili,Tagliamo|i|calamari|a|rondelle|sottili,calamari|mangiata|sottili|i|mangiamo|a|gli|rondelle|Tagliamo|mangiando,mangiata|mangiando|gli|mangiamo
Italian_video_18.txt,18-07,Translate to Italian: We salt the pasta with the cooking water.,Saliamo la pasta con l'acqua di cottura,Saliamo|la|pasta|con|l'acqua|di|cottura,le|di|con|cottura|mangiamo|Saliamo|mangiata|mangiando|la|pasta|l'acqua,mangiamo|le|mangiando|mangiata
Italian_video_18.txt,18-08,Translate to Italian: I throw in the spaghetti and mix in the wok.,Butto gli spaghetti e mescolo nella wok,Butto|gli|spaghetti|e|mescolo|nella|wok,e|mangiando|nella|Butto|mescolo|gli|spaghetti|i|wok|mangiamo|mangiata,i|mangiando|mangiata|mangiamo
Italian_video_18.txt,18-09,Translate to Italian: We add a little chili pepper.,Aggiungiamo un po' di peperoncino,Aggiungiamo|un|po'|di|peperoncino,un|mangiando|di|mangiamo|Aggiungiamo|peperoncino|mangiata|uno|po',mangiamo|uno|mangiando|mangiata
Italian_video_18.txt,18-10,Translate to Italian: We pop a very cold prosecco.,Stappiamo un prosecco ben ghiacciato,Stappiamo|un|prosecco|ben|ghiacciato,ghiacciato|mangiata|prosecco|ben|uno|un|ghiacciando|Stappiamo|ghiacciata,uno|ghiacciando|ghiacciata|mangiata
Italian_video_19.txt,19-01,Translate to Italian: In the afternoon I have an online Portuguese lesson.,Nel pomeriggio faccio lezione di portoghese online,Nel|pomeriggio|faccio|lezione|di|portoghese|online,mangiamo|pomeriggio|mangia|Nel|faccio|lezione|di|online|mangiando|mangiata|portoghese,mangiamo|mangia|mangiando|mangiata
Italian_video_19.txt,19-02,"Translate to Italian: I study languages by listening, reading and speaking.",Studio le lingue ascoltando leggendo e parlando,Studio|le|lingue|ascoltando|leggendo|e|parlando,parlando|mangiata|e|la|lingue|le|mangiando|mangiamo|ascoltando|Studio|leggendo,la|mangiando|mangiata|mangiamo
Italian_video_19.txt,19-03,Translate to Italian: I shape a cup with the slab technique.,Modello una tazza con la tecnica a lastra,Modello|una|tazza|con|la|tecnica|a|lastra,Modello|a|lastra|mangiando|mangiata|con|una|la|tecnica|le|un|tazza,mangiata|le|mangiando|un
Italian_video_19.txt,19-04,Translate to Italian: I write good morning on my new cup.,Scrivo buongiorno sulla mia nuova tazza,Scrivo|buongiorno|sulla|mia|nuova|tazza,mangiata|buongiorno|mangia|mangiamo|sulla|mangiando|Scrivo|mia|tazza|nuova,mangiamo|mangia|mangiando|mangiata
Italian_video_19.txt,19-05,Translate to Italian: I get up early for a ceramics workshop.,Mi alzo presto per un workshop di ceramica,Mi|alzo|presto|per|un|workshop|di|ceramica,un|ceramica|uno|workshop|per|di|mangiamo|mangiando|alzo|mangiata|presto|Mi,mangiamo|uno|mangiando|mangiata
Italian_video_19.txt,19-06,Translate to Italian: I thank those who follow me on the channel and on Instagram.,Ringrazio chi mi segue sul canale e su Instagram,Ringrazio|chi|mi|segue|sul|canale|e|su|Instagram,e|sul|su|segue|mangiamo|canale|chi|mi|mangiando|mangia|Ringrazio|mangiata|Instagram,mangiamo|mangia|mangiando|mangiata
Italian_video_19.txt,19-07,Translate to Italian: I feel happy when I work with creativity.,Mi sento felice quando lavoro con la creatività,Mi|sento|felice|quando|lavoro|con|la|creatività,con|la|lavoro|sento|mangiamo|mangiando|mangiata|Mi|felice|creatività|quando|le,mangiamo|le|mangiando|mangiata
Italian_video_19.txt,19-08,Translate to Italian: Today in Rome there are many people in the square.,A Roma oggi c'è tanta gente in piazza,A|Roma|oggi|c'è|tanta|gente|in|piazza,Roma|c'è|mangiamo|piazza|A|tanta|oggi|gente|mangiata|in|mangia|mangiando,mangiamo|mangia|mangiando|mangiata
Italian_video_19.txt,19-09,Translate to Italian: After the class I walk near Saint Peter's.,Dopo il corso passeggio vicino a San Pietro,Dopo|il|corso|passeggio|vicino|a|San|Pietro,a|il|lo|San|passeggio|Dopo|corso|Pietro|mangiata|vicino|mangiamo|mangiando,mangiamo|lo|mangiando|mangiata
Italian_video_19.txt,19-10,Translate to Italian: I prepare a study plan for Portuguese.,Preparo un piano di studio per il portoghese,Preparo|un|piano|di|studio|per|il|portoghese,un|il|mangiata|uno|studio|piano|portoghese|di|mangiando|per|Preparo|lo,uno|mangiando|mangiata|lo
Italian_video_20.txt,20-01,Translate to Italian: Rome is a complex and beautiful city.,Roma è una città complessa e bellissima,Roma|è|una|città|complessa|e|bellissima,Roma|è|città|un|mangiando|una|complessa|mangiata|e|mangiamo|bellissima,mangiata|mangiando|un|mangiamo
Italian_video_20.txt,20-02,Translate to Italian: Rome has few skyscrapers in the historic center.,Roma ha poche grattacieli nel centro storico,Roma|ha|poche|grattacieli|nel|centro|storico,storico|Roma|mangiamo|ha|grattacieli|poche|nel|mangiando|mangiata|centro|mangia,mangiamo|mangia|mangiando|mangiata
Italian_video_20.txt,20-03,Translate to Italian: Parioli is a neighborhood in north Rome.,I Parioli sono un quartiere di Roma nord,I|Parioli|sono|un|quartiere|di|Roma|nord,nord|Parioli|mangiamo|un|quartiere|mangiando|Roma|di|sono|I|mangiata|uno,mangiamo|uno|mangiando|mangiata
Italian_video_20.txt,20-04,Translate to Italian: North Rome is wealthier than south Rome.,Roma nord è più benestante di Roma sud,Roma|nord|è|più|benestante|di|Roma|sud,più|Roma|mangia|è|Roma|mangiamo|sud|mangiando|mangiata|di|benestante|nord,mangiamo|mangia|mangiando|mangiata
Italian_video_20.txt,20-05,Translate to Italian: In Eur there is a very tall skyscraper.,All'Eur c'è un grattacielo molto alto,All'Eur|c'è|un|grattacielo|molto|alto,mangiamo|All'Eur|alto|grattacielo|mangiata|un|mangiando|c'è|molto|uno,mangiamo|uno|mangiando|mangiata
Italian_video_20.txt,20-06,Translate to Italian: In the suburbs you find bars and families at the park.,In periferia trovi bar e famiglie al parco,In|periferia|trovi|bar|e|famiglie|al|parco,mangiata|trovi|bar|parco|mangiando|famiglie|mangiamo|e|periferia|al|mangia|In,mangiamo|mangia|mangiando|mangiata
Italian_video_20.txt,20-07,Translate to Italian: The potholes in the streets make people laugh and get angry.,Le buche nelle strade fanno ridere e arrabbiare,Le|buche|nelle|strade|fanno|ridere|e|arrabbiare,e|mangiata|mangiando|mangiamo|strade|nelle|fanno|arrabbiare|mangia|Le|ridere|buche,mangiamo|mangia|mangiando|mangiata
Italian_video_20.txt,20-08,Translate to Italian: Citizens and tourists live different realities.,I cittadini e i turisti vivono realtà diverse,I|cittadini|e|i|turisti|vivono|realtà|diverse,turisti|realtà|cittadini|mangiata|e|diverse|I|mangiamo|gli|vivono|i|mangiando,mangiata|mangiando|gli|mangiamo
Italian_video_20.txt,20-09,Translate to Italian: Many Romans live outside the center.,Molti romani vivono fuori dal centro,Molti|romani|vivono|fuori|dal|centro,Molti|mangia|fuori|centro|mangiamo|mangiata|mangiando|romani|vivono|dal,mangiamo|mangia|mangiando|mangiata
Italian_video_20.txt,20-10,Translate to Italian: From the Janiculum you can see Saint Peter's dome.,Dal Gianicolo si vede la cupola di San Pietro,Dal|Gianicolo|si|vede|la|cupola|di|San|Pietro,di|mangiando|la|mangiata|Dal|Pietro|mangiamo|le|San|si|Gianicolo|cupola|vede,mangiamo|le|mangiando|mangiata
Italian_video_21.txt,21-01,Translate to Italian: I put the eggs to boil for dinner.,Metto le uova a bollire per la cena,Metto|le|uova|a|bollire|per|la|cena,uova|mangiando|Metto|bollire|per|mangiata|cena|a|le|la,la|le|mangiando|mangiata
Italian_video_21.txt,21-02,Translate to Italian: Anchovies are rich in omega three.,Le alici sono ricche di omega tre,Le|alici|sono|ricche|di|omega|tre,mangia|di|Le|sono|mangiando|ricche|mangiata|alici|mangiamo|tre|omega,mangiamo|mangia|mangiando|mangiata
Italian_video_21.txt,21-03,Translate to Italian: I add a touch of mayonnaise on the eggs.,Aggiungo un filo di maionese sulle uova,Aggiungo|un|filo|di|maionese|sulle|uova,maionese|sulle|un|uova|di|Aggiungo|filo|mangiando|mangiata|uno|mangiamo,mangiamo|uno|mangiando|mangiata
Italian_video_21.txt,21-04,Translate to Italian: We put the anchovy fillet on top.,Mettiamo il filetto di alice sopra,Mettiamo|il|filetto|di|alice|sopra,lo|mangiata|di|mangiando|Mettiamo|filetto|alice|il|mangiamo|sopra,mangiamo|lo|mangiando|mangiata
Italian_video_21.txt,21-05,Translate to Italian: We cook the asparagus with oil and salt.,Cuciniamo gli asparagi con olio e sale,Cuciniamo|gli|asparagi|con|olio|e|sale,sale|mangiando|asparagi|Cuciniamo|e|mangiamo|i|gli|mangiata|con|olio,i|mangiando|mangiata|mangiamo
Italian_video_21.txt,21-06,Translate to Italian: We use the basket for steaming.,Usiamo il cestino per la cottura a vapore,Usiamo|il|cestino|per|la|cottura|a|vapore,per|la|le|cestino|lo|Usiamo|a|cottura|mangiando|il|vapore|mangiata,lo|le|mangiando|mangiata
Italian_video_21.txt,21-07,Translate to Italian: We dress the asparagus with oil and salt.,Condiamo gli asparagi con olio e sale,Condiamo|gli|asparagi|con|olio|e|sale,sale|mangiando|olio|i|mangiata|asparagi|e|Condiamo|con|mangiamo|gli,i|mangiando|mangiata|mangiamo
Italian_video_21.txt,21-08,Translate to Italian: In the fridge we also find the olives.,Nel frigo troviamo anche le olive,Nel|frigo|troviamo|anche|le|olive,la|mangiando|mangiata|le|Nel|mangiamo|troviamo|frigo|olive|anche,la|mangiando|mangiata|mangiamo
Italian_video_21.txt,21-09,Translate to Italian: Asparagus are in season now.,Gli asparagi sono di stagione adesso,Gli|asparagi|sono|di|stagione|adesso,mangiando|stagione|di|adesso|sono|Gli|asparagi|mangiata|mangia|mangiamo,mangiamo|mangia|mangiando|mangiata
Italian_video_21.txt,21-10,Translate to Italian: We prepare dinner together with Mom.,Prepariamo la cena insieme a mamma,Prepariamo|la|cena|insieme|a|mamma,mangiamo|mangiando|le|mangiata|insieme|Prepariamo|mamma|cena|la|a,mangiamo|le|mangiando|mangiata
Italian_video_22.txt,22-01,Translate to Italian: I miss my family at home.,Mi manca la mia famiglia a casa,Mi|manca|la|mia|famiglia|a|casa,mia|le|manca|Mi|a|mangiata|mangiando|casa|famiglia|mangiamo|la,mangiamo|le|mangiando|mangiata
Italian_video_22.txt,22-02,Translate to Italian: I use spirulina for health.,Uso la spirulina per la salute,Uso|la|spirulina|per|la|salute,spirulina|mangiamo|Uso|salute|la|le|per|mangiando|la|mangiata,mangiamo|le|mangiando|mangiata
Italian_video_22.txt,22-03,Translate to Italian: I buy a gift for my mom.,Compro un regalo per mia mamma,Compro|un|regalo|per|mia|mamma,mangiata|mia|mamma|mangiamo|mangiando|uno|un|per|regalo|Compro,mangiamo|uno|mangiando|mangiata
Italian_video_22.txt,22-04,Translate to Italian: I make porridge with apple and cinnamon.,Preparo il porridge con mela e cannella,Preparo|il|porridge|con|mela|e|cannella,il|Preparo|lo|e|porridge|mangiando|cannella|con|mangiata|mangiamo|mela,mangiamo|lo|mangiando|mangiata
Italian_video_22.txt,22-05,Translate to Italian: I have breakfast with crunchy cereal.,Faccio colazione con cereali croccanti,Faccio|colazione|con|cereali|croccanti,cereali|con|Faccio|mangia|mangiando|mangiata|mangiamo|colazione|croccanti,mangiamo|mangia|mangiando|mangiata
Italian_video_22.txt,22-06,Translate to Italian: I get the new phone.,Prendo il telefono nuovo,Prendo|il|telefono|nuovo,mangiamo|mangiando|telefono|Prendo|mangiata|lo|il|nuovo,mangiamo|lo|mangiando|mangiata
Italian_video_22.txt,22-07,Translate to Italian: I drink oat milk in the morning.,Bevo latte di avena al mattino,Bevo|latte|di|avena|al|mattino,mangiata|avena|al|latte|di|mangiamo|mattino|mangia|mangiando|Bevo,mangiamo|mangia|mangiando|mangiata
Italian_video_22.txt,22-08,Translate to Italian: I work from Italy for a few days.,Lavoro dall'Italia per qualche giorno,Lavoro|dall'Italia|per|qualche|giorno,giorno|mangiando|qualche|dall'Italia|mangia|per|mangiamo|Lavoro|mangiata,mangiamo|mangia|mangiando|mangiata
Italian_video_22.txt,22-09,Translate to Italian: I close the suitcase and go to the airport.,Chiudo la valigia e vado in aeroporto,Chiudo|la|valigia|e|vado|in|aeroporto,mangiata|le|mangiamo|valigia|Chiudo|e|la|in|mangiando|vado|aeroporto,mangiamo|le|mangiando|mangiata
Italian_video_22.txt,22-10,Translate to Italian: I return to Italy for my brother's birthday.,Torno in Italia per il compleanno di mio fratello,Torno|in|Italia|per|il|compleanno|di|mio|fratello,mangiamo|per|Torno|mangiata|fratello|mangiando|compleanno|mio|di|lo|in|il|Italia,mangiamo|lo|mangiando|mangiata
Italian_video_23.txt,23-01,Translate to Italian: I make porridge with apple and cinnamon.,Preparo il porridge con mela e cannella,Preparo|il|porridge|con|mela|e|cannella,mangiando|cannella|mela|il|mangiata|lo|con|porridge|Preparo|e|mangiamo,mangiamo|lo|mangiando|mangiata
Italian_video_23.txt,23-02,Translate to Italian: I have breakfast with crunchy cereal.,Faccio colazione con cereali croccanti,Faccio|colazione|con|cereali|croccanti,con|Faccio|mangiata|croccanti|colazione|mangiamo|mangiando|cereali|mangia,mangiamo|mangia|mangiando|mangiata
Italian_video_23.txt,23-03,Translate to Italian: I get the new phone.,Prendo il telefono nuovo,Prendo|il|telefono|nuovo,nuovo|mangiando|il|lo|mangiata|mangiamo|telefono|Prendo,mangiamo|lo|mangiando|mangiata
Italian_video_23.txt,23-04,Translate to Italian: I buy a gift for my mom.,Compro un regalo per mia mamma,Compro|un|regalo|per|mia|mamma,mangiamo|mamma|regalo|per|uno|mangiando|mia|un|Compro|mangiata,mangiamo|uno|mangiando|mangiata
Italian_video_23.txt,23-05,Translate to Italian: I work from Italy for a few days.,Lavoro dall'Italia per qualche giorno,Lavoro|dall'Italia|per|qualche|giorno,qualche|mangiamo|Lavoro|per|mangiata|dall'Italia|mangiando|giorno|mangia,mangiamo|mangia|mangiando|mangiata
Italian_video_23.txt,23-06,Translate to Italian: I close the suitcase and go to the airport.,Chiudo la valigia e vado in aeroporto,Chiudo|la|valigia|e|vado|in|aeroporto,aeroporto|in|mangiando|la|e|mangiata|mangiamo|valigia|Chiudo|vado|le,mangiamo|le|mangiando|mangiata
Italian_video_23.txt,23-07,Translate to Italian: I use spirulina for health.,Uso la spirulina per la salute,Uso|la|spirulina|per|la|salute,Uso|per|spirulina|le|mangiando|la|mangiata|salute|mangiamo|la,mangiamo|le|mangiando|mangiata
Italian_video_23.txt,23-08,Translate to Italian: I miss my family at home.,Mi manca la mia famiglia a casa,Mi|manca|la|mia|famiglia|a|casa,la|manca|famiglia|mangiata|casa|mangiamo|mia|mangiando|a|Mi|le,mangiamo|le|mangiando|mangiata
Italian_video_23.txt,23-09,Translate to Italian: I drink oat milk in the morning.,Bevo latte di avena al mattino,Bevo|latte|di|avena|al|mattino,al|mangia|Bevo|mattino|mangiata|di|mangiamo|latte|avena|mangiando,mangiamo|mangia|mangiando|mangiata
Italian_video_23.txt,23-10,Translate to Italian: I return to Italy for my brother's birthday.,Torno in Italia per il compleanno di mio fratello,Torno|in|Italia|per|il|compleanno|di|mio|fratello,di|mio|fratello|mangiando|per|Torno|in|mangiamo|Italia|il|lo|compleanno|mangiata,mangiamo|lo|mangiando|mangiata
Italian_video_24.txt,24-01,Translate to Italian: I add a touch of mayonnaise on the eggs.,Aggiungo un filo di maionese sulle uova,Aggiungo|un|filo|di|maionese|sulle|uova,maionese|uova|mangiata|mangiando|un|sulle|mangiamo|di|filo|Aggiungo|uno,mangiamo|uno|mangiando|mangiata
Italian_video_24.txt,24-02,Translate to Italian: I put the eggs to boil for dinner.,Metto le uova a bollire per la cena,Metto|le|uova|a|bollire|per|la|cena,mangiando|Metto|per|la|le|cena|bollire|uova|mangiata|a,la|le|mangiando|mangiata
Italian_video_24.txt,24-03,Translate to Italian: We cook the asparagus with oil and salt.,Cuciniamo gli asparagi con olio e sale,Cuciniamo|gli|asparagi|con|olio|e|sale,sale|e|mangiata|asparagi|i|con|gli|mangiamo|Cuciniamo|olio|mangiando,i|mangiando|mangiata|mangiamo
Italian_video_24.txt,24-04,Translate to Italian: We use the basket for steaming.,Usiamo il cestino per la cottura a vapore,Usiamo|il|cestino|per|la|cottura|a|vapore,mangiando|cottura|lo|Usiamo|mangiata|il|le|a|vapore|per|cestino|la,lo|le|mangiando|mangiata
Italian_video_24.txt,24-05,Translate to Italian: In the fridge we also find the olives.,Nel frigo troviamo anche le olive,Nel|frigo|troviamo|anche|le|olive,le|anche|mangiando|mangiamo|troviamo|Nel|mangiata|frigo|la|olive,la|mangiando|mangiata|mangiamo
Italian_video_24.txt,24-06,Translate to Italian: We prepare dinner together with Mom.,Prepariamo la cena insieme a mamma,Prepariamo|la|cena|insieme|a|mamma,mangiamo|mamma|le|mangiando|la|a|Prepariamo|cena|mangiata|insieme,mangiamo|le|mangiando|mangiata
Italian_video_24.txt,24-07,Translate to Italian: Asparagus are in season now.,Gli asparagi sono di stagione adesso,Gli|asparagi|sono|di|stagione|adesso,mangiata|mangia|mangiamo|Gli|di|sono|stagione|mangiando|asparagi|adesso,mangiamo|mangia|mangiando|mangiata
Italian_video_24.txt,24-08,Translate to Italian: We put the anchovy fillet on top.,Mettiamo il filetto di alice sopra,Mettiamo|il|filetto|di|alice|sopra,di|mangiata|il|lo|mangiamo|Mettiamo|alice|mangiando|filetto|sopra,mangiamo|lo|mangiando|mangiata
Italian_video_24.txt,24-09,Translate to Italian: We dress the asparagus with oil and salt.,Condiamo gli asparagi con olio e sale,Condiamo|gli|asparagi|con|olio|e|sale,asparagi|mangiata|olio|mangiamo|e|i|con|gli|Condiamo|mangiando|sale,i|mangiando|mangiata|mangiamo
Italian_video_24.txt,24-10,Translate to Italian: Anchovies are rich in omega three.,Le alici sono ricche di omega tre,Le|alici|sono|ricche|di|omega|tre,di|tre|sono|omega|ricche|mangia|alici|mangiando|mangiata|Le|mangiamo,mangiamo|mangia|mangiando|mangiata